MULTIPLEX2_P11C1,TCCATACCGGAA,ATGCTGCAACAC
MULTIPLEX2_P14C2,CCTAACGGTCCA,ACTCGCTCGCTG
MULTIPLEX2_P14C3,AGCCTTCGTCGC,CGTATAAATGCG
MULTIPLEX2_P15C1,TCCATACCGGAA,TTCCTTAGTAGT
MULTIPLEX2_P15C3,TCCATACCGGAA,ACTCGCTCGCTG
MULTIPLEX2_P17C1,TCCATACCGGAA,CGTATAAATGCG
MULTIPLEX2_P18C3,CCTAACGGTCCA,ATGCTGCAACAC
MULTIPLEX2_P19C3,AGCCCTGCTACA,CGTATAAATGCG
MULTIPLEX2_P1C3,AGCCCTGCTACA,TTCCTTAGTAGT
MULTIPLEX2_P20C1,AGCCCTGCTACA,ACTCGCTCGCTG
MULTIPLEX2_P21C2,AGCCCTGCTACA,ATGCTGCAACAC
MULTIPLEX2_P24C1,AGCCTTCGTCGC,ATGCTGCAACAC
MULTIPLEX2_P2C3,CCTAACGGTCCA,CGTATAAATGCG
MULTIPLEX2_P7C3,AGCCTTCGTCGC,ACTCGCTCGCTG
MULTIPLEX2_P9C1,AGCCTTCGTCGC,TTCCTTAGTAGT
MULTIPLEX2_P9C3,CCTAACGGTCCA,TTCCTTAGTAGT